{
  "gizmos-infos": {
    "is2D": true,
    "is3DIcon": false,
    "iconSize": 2,
    "gridVisible": true,
    "gridColor": [
      166,
      166,
      166,
      255
    ],
    "transformToolName": "position",
    "pivot": "pivot",
    "coordinate": "local",
    "toolsVisibility3d": true
  },
  "__version__": "1.0.0",
  "builder": {
    "taskOptionsMap": {},
    "__version__": "1.3.7"
  },
  "snap-configs": {
    "position": {
      "x": 1,
      "y": 1,
      "z": 1
    },
    "rotation": 1,
    "scale": 1,
    "isPositionSnapEnabled": false,
    "isRotationSnapEnabled": false,
    "isScaleSnapEnabled": false
  },
  "rect-snap-configs": {
    "enableSnapping": true,
    "snapThreshold": 4
  },
  "camera-infos": {
    "1d733998-440f-47cb-8811-81dfc086c00c": {
      "position": {
        "x": 1244.4151565074137,
        "y": 601.3838550247118,
        "z": 5000
      },
      "rotation": {
        "x": 0,
        "y": 0,
        "z": 0,
        "w": 1
      },
      "viewCenter": {
        "x": 0,
        "y": 0,
        "z": 0
      },
      "contentRect": {
        "x": 604.4151565074136,
        "y": 241.38385502471175,
        "width": 1079.1111111111113,
        "height": 607
      },
      "scale": 0.8430555555555556
    },
    "395a6332-9dc0-4773-b9bb-f8210812d987": {
      "position": {
        "x": 640,
        "y": 360.00000000000006,
        "z": 5000
      },
      "rotation": {
        "x": 0,
        "y": 0,
        "z": 0,
        "w": 1
      },
      "viewCenter": {
        "x": 0,
        "y": 0,
        "z": 0
      },
      "contentRect": {
        "x": 0,
        "y": 5.689024210533916e-14,
        "width": 1079.1111111111113,
        "height": 607
      },
      "scale": 0.8430555555555556
    },
    "c77ecaa8-c936-46c4-a5b0-98692673ed87": {
      "position": {
        "x": 640.0000000000001,
        "y": 360.00000000000006,
        "z": 5000
      },
      "rotation": {
        "x": 0,
        "y": 0,
        "z": 0,
        "w": 1
      },
      "viewCenter": {
        "x": 0,
        "y": 0,
        "z": 0
      },
      "contentRect": {
        "x": -4.73257698541314,
        "y": 5.689024210533916e-14,
        "width": 1079.1111111111113,
        "height": 607
      },
      "scale": 0.8430555555555556
    },
    "b867282e-c43b-497f-822d-1a1a3299d2a5": {
      "position": {
        "x": 765,
        "y": 306.3860000000001,
        "z": 5000
      },
      "rotation": {
        "x": 0,
        "y": 0,
        "z": 0,
        "w": 1
      },
      "viewCenter": {
        "x": 0,
        "y": 0,
        "z": 0
      },
      "contentRect": {
        "x": 735,
        "y": 206.38600000000005,
        "width": 60,
        "height": 200.00000000000003
      },
      "scale": 1
    },
    "9f673e80-f7ff-4092-b7c5-7f6186cc2315": {
      "position": {
        "x": 800.826,
        "y": 504.914,
        "z": 5000
      },
      "rotation": {
        "x": 0,
        "y": 0,
        "z": 0,
        "w": 1
      },
      "viewCenter": {
        "x": 0,
        "y": 0,
        "z": 0
      },
      "contentRect": {
        "x": 512.527171875,
        "y": 479.714,
        "width": 30,
        "height": 60
      },
      "scale": 1
    },
    "c8191e62-4f8a-44a6-9cce-7f8d1d0a7daa": {
      "position": {
        "x": 618.1210494433138,
        "y": 379.8008093638647,
        "z": 5000
      },
      "rotation": {
        "x": 0,
        "y": 0,
        "z": 0,
        "w": 1
      },
      "viewCenter": {
        "x": 0,
        "y": 0,
        "z": 0
      },
      "contentRect": {
        "x": 553.2790717107633,
        "y": 314.9588316313142,
        "width": 100,
        "height": 100
      },
      "scale": 0.7711054127039703
    },
    "fd6d9ae6-0f9c-4df1-ad18-c64196ab11b6": {
      "position": {
        "x": -364.85003125000003,
        "y": -475.4863114754103,
        "z": 5000
      },
      "rotation": {
        "x": 0,
        "y": 0,
        "z": 0,
        "w": 1
      },
      "viewCenter": {
        "x": 0,
        "y": 0,
        "z": 0
      },
      "contentRect": {
        "x": -905.85003125,
        "y": -745.9863114754103,
        "width": 576.59765625,
        "height": 50.39999999999998
      },
      "scale": 1
    },
    "b085ecdd-3c3e-491e-8694-a8fee6d068b8": {
      "position": {
        "x": 800,
        "y": 400,
        "z": 5000
      },
      "rotation": {
        "x": 0,
        "y": 0,
        "z": 0,
        "w": 1
      },
      "viewCenter": {
        "x": 0,
        "y": 0,
        "z": 0
      },
      "contentRect": {
        "x": 0,
        "y": 4.2028405812057684e-14,
        "width": 1082,
        "height": 541
      },
      "scale": 0.67625
    }
  },
  "camera-uuids": [
    "1d733998-440f-47cb-8811-81dfc086c00c",
    "395a6332-9dc0-4773-b9bb-f8210812d987",
    "c77ecaa8-c936-46c4-a5b0-98692673ed87",
    "b867282e-c43b-497f-822d-1a1a3299d2a5",
    "9f673e80-f7ff-4092-b7c5-7f6186cc2315",
    "c8191e62-4f8a-44a6-9cce-7f8d1d0a7daa",
    "fd6d9ae6-0f9c-4df1-ad18-c64196ab11b6",
    "b085ecdd-3c3e-491e-8694-a8fee6d068b8"
  ],
  "camera": {
    "color": [
      48,
      48,
      48,
      255
    ],
    "fov": 45,
    "far": 10000,
    "near": 0.01,
    "wheelSpeed": 0.01,
    "wanderSpeed": 10,
    "enableAcceleration": true,
    "size": "__default_design__",
    "far2D": 10000,
    "near2D": 1,
    "wheelSpeed2D": 6,
    "iso": 0,
    "aperture": 19,
    "shutter": 7
  }
}
